corrolation matrix,,,,,,,,
,Age,DailyRate,DistanceFromHome,Education,HourlyRate,MonthlyIncome,MonthlyRate,PercentSalaryHike
Age,1,0.010660943,-0.00168612,0.208033731,0.024286543,0.497854567,0.028051167,0.003633585
DailyRate,0.010660943,1,-0.004985337,-0.016806433,0.023381422,0.007707059,-0.032181602,0.022703677
DistanceFromHome,-0.00168612,-0.004985337,1,0.021041826,0.031130586,-0.017014445,0.027472864,0.040235377
HourlyRate,0.024286543,0.023381422,0.031130586,0.016774829,1,-0.015794304,-0.01529675,-0.009061986
MonthlyIncome,0.497854567,0.007707059,-0.017014445,0.094960677,-0.015794304,1,0.034813626,-0.027268586
MonthlyRate,0.028051167,-0.032181602,0.027472864,-0.026084197,-0.01529675,0.034813626,1,-0.006429346
PercentSalaryHike,0.003633585,0.022703677,0.040235377,-0.011110941,-0.009061986,-0.027268586,-0.006429346,1
